Product,Price
Сотовый телефон Xiaomi Redmi A3 4/128GB зеленый,9340.0
Сотовый телефон Xiaomi Redmi Note 13 8/256GB голубой,14820.0
Сотовый телефон Samsung Galaxy Z Flip 5 8/512GB кремовый,56850.0
Сотовый телефон Samsung Galaxy Z Flip 5 8/512GB лавандовый,56850.0
Сотовый телефон Google Pixel 9 256GB розовый,90510.0
Сотовый телефон Xiaomi Redmi 13 8/128GB черный,14910.0
Сотовый телефон Google Pixel 9 256GB черный,90510.0
Сотовый телефон Xiaomi Redmi Note 13 Pro 8/256GB черный,19880.0
Сотовый телефон Xiaomi Redmi Note 13 Pro 8/256GB фиолетовый,19880.0
Сотовый телефон Xiaomi Redmi 13 8/128GB золотистый,14910.0
Сотовый телефон Xiaomi 12 8/256GB голубой,30960.0
Сотовый телефон Xiaomi Redmi Note 13 Pro 8/256GB зеленый,19880.0
Сотовый телефон Xiaomi Redmi 13 8/128GB голубой,14910.0
Сотовый телефон Xiaomi Redmi 13C 4/128GB черный,11420.0
Сотовый телефон Xiaomi Redmi Note 13 Pro 12/512GB черный,23990.0
Сотовый телефон Xiaomi Redmi 13 8/256GB черный,15780.0
Сотовый телефон Xiaomi Redmi 13C 4/128GB синий,11420.0
Сотовый телефон Xiaomi Redmi Note 13 Pro 12/512GB фиолетовый,23990.0
Сотовый телефон Xiaomi 14T 12/256GB серый,41590.0
Сотовый телефон Xiaomi Redmi 13C 4/128GB белый,11420.0
Сотовый телефон Xiaomi Redmi Note 13 Pro 12/512GB зеленый,23990.0
Сотовый телефон Xiaomi 14T 12/256GB синий,41590.0
Сотовый телефон Xiaomi Redmi 13C 4/128GB зеленый,11420.0
Сотовый телефон Xiaomi Redmi Note 13 Pro Plus 8/256GB черный,30960.0
Сотовый телефон Xiaomi 14T 12/256GB черный,41590.0
Сотовый телефон Xiaomi Redmi 13C 6/128GB синий,11340.0
Сотовый телефон Xiaomi Redmi Note 13 Pro Plus 8/256GB белый,30960.0
Сотовый телефон Samsung Galaxy A25 6/128GB голубой,19100.0
Сотовый телефон Xiaomi 14T 12/256GB зеленый,41590.0
Сотовый телефон Xiaomi Redmi 13C 8/256GB черный,12640.0
Сотовый телефон Xiaomi Redmi Note 13 Pro Plus 8/256GB фиолетовый,30960.0
Сотовый телефон Xiaomi Redmi 13C 8/256GB синий,12640.0
Сотовый телефон Xiaomi Redmi Note 13 Pro Plus 12/512GB черный,35400.0
Сотовый телефон Xiaomi Redmi 13C 8/256GB белый,12640.0
Сотовый телефон Xiaomi Redmi Note 13 Pro Plus 12/512GB белый,35400.0
Сотовый телефон Xiaomi Redmi 13C 8/256GB зеленый,12640.0
Сотовый телефон Xiaomi Redmi Note 13 Pro Plus 12/512GB фиолетовый,35400.0
Сотовый телефон Xiaomi Poco C65 6/128GB сиреневый,11340.0
Сотовый телефон Xiaomi Poco C65 8/256GB сиреневый,12030.0
Сотовый телефон Xiaomi 14 12/256GB черный,60170.0
Сотовый телефон Samsung Galaxy S24 Ultra 12/256GB серый,94180.0
Сотовый телефон Xiaomi 14 12/256GB зеленый,60170.0
Сотовый телефон Xiaomi 14 12/256GB белый,60170.0
Сотовый телефон Xiaomi 14 12/512GB черный,61210.0
Сотовый телефон Xiaomi 14 12/512GB зеленый,61210.0
Сотовый телефон Samsung Galaxy A15 4/128GB черно-синий,15700.0
Сотовый телефон Xiaomi 14 12/512GB белый,61210.0
Сотовый телефон Samsung Galaxy A15 4/128GB желтый,15700.0
Сотовый телефон Xiaomi Poco X6 12/256GB черный,23810.0
Сотовый телефон Xiaomi Poco X6 12/256GB синий,23810.0
Сотовый телефон Apple iPhone 16 128GB черный,81880.0
Сотовый телефон Xiaomi Poco X6 12/256GB белый,23810.0
Сотовый телефон Apple iPhone 16 128GB бирюзовый,81880.0
Сотовый телефон Apple iPhone 16 128GB розовый,81880.0
Сотовый телефон Apple iPhone 16 128GB белый,81880.0
Сотовый телефон Samsung Galaxy A15 6/128GB голубой,16130.0
Сотовый телефон Apple iPhone 16 128GB ультрамарин,81880.0
Сотовый телефон Samsung Galaxy A15 8/256GB голубой,18570.0
Сотовый телефон Apple iPhone 16 256GB бирюзовый,93220.0
Сотовый телефон Apple iPhone 16 256GB розовый,93220.0
Сотовый телефон Xiaomi Redmi Note 13 Pro 5G 8/256GB белый,23810.0
Сотовый телефон Apple iPhone 16 256GB белый,93220.0
Сотовый телефон Xiaomi Redmi Note 13 Pro 5G 8/256GB голубой,22930.0
Сотовый телефон Apple iPhone 16 256GB ультрамарин,93220.0
Сотовый телефон Xiaomi Redmi Note 13 Pro 5G 8/256GB черный,23810.0
Сотовый телефон Apple iPhone 16 256GB черный,93220.0
Сотовый телефон Xiaomi Poco M6 Pro 8/256GB черный,17450.0
Сотовый телефон Apple iPhone 16 512GB ультрамарин,118070.0
Сотовый телефон Samsung Galaxy S23 8/128GB черный,47260.0
Сотовый телефон Xiaomi Poco M6 Pro 8/256GB голубой,17450.0
Сотовый телефон Honor Magic 6 Pro 12/512GB фиолетовый,72030.0
Сотовый телефон Xiaomi 13 Ultra 12/256GB оливковый,60600.0
Сотовый телефон Xiaomi Poco M6 Pro 8/256GB фиолетовый,17450.0
Сотовый телефон Honor Magic 6 Pro 12/512GB голубой,72030.0
Сотовый телефон Xiaomi 13 Ultra 12/256GB черный,60600.0
Сотовый телефон Apple iPhone 16 Plus 128GB бирюзовый,97660.0
Сотовый телефон Samsung Galaxy S23 Ultra 12/256GB черный,79260.0
Сотовый телефон Xiaomi Poco C65 6/128GB черный,11340.0
Сотовый телефон Honor Magic 6 Pro 12/512GB белый,72030.0
Сотовый телефон Xiaomi 13 Ultra 16/512GB черный,65050.0
Сотовый телефон Apple iPhone 16 Plus 128GB розовый,97660.0
Сотовый телефон Xiaomi Poco C65 6/128GB синий,11340.0
Сотовый телефон Honor Magic 6 Pro 12/512GB зеленый,72030.0
Сотовый телефон Xiaomi 13 Ultra 16/512GB оливковый,65050.0
Сотовый телефон Apple iPhone 16 Plus 128GB белый,97660.0
Сотовый телефон Honor Magic 6 Pro 12/512GB черный,72030.0
Сотовый телефон Apple iPhone 16 Plus 128GB ультрамарин,97660.0
Сотовый телефон Samsung Galaxy S24 8/256GB черный,68630.0
Сотовый телефон Apple iPhone 16 Plus 128GB черный,97660.0
Сотовый телефон Samsung Galaxy S24 8/256GB серый,68630.0
Сотовый телефон Xiaomi Redmi 14C 4/128GB черный,10810.0
Сотовый телефон Xiaomi Redmi 14C 4/128GB зеленый,10810.0
Сотовый телефон Xiaomi Redmi 14C 4/128GB синий,10810.0
Сотовый телефон Samsung Galaxy S23 8/128GB кремовый,47260.0
Сотовый телефон Xiaomi Redmi 14C 4/128GB фиолетовый,10810.0
Сотовый телефон Samsung Galaxy S23 8/128GB зеленый,48130.0
Сотовый телефон Xiaomi Redmi 13C 6/128GB черный,11340.0
Сотовый телефон Xiaomi Redmi 14C 8/256GB черный,13700.0
Сотовый телефон Samsung Galaxy S23 8/128GB лавандовый,47260.0
Сотовый телефон Xiaomi Redmi 14C 8/256GB зеленый,13700.0
Сотовый телефон Samsung Galaxy S23 8/128GB графит,47260.0
Сотовый телефон Xiaomi Redmi 14C 8/256GB синий,13700.0
Сотовый телефон Samsung Galaxy S23 8/128GB лайм,47260.0
Сотовый телефон Xiaomi Redmi 14C 8/256GB фиолетовый,13700.0
Сотовый телефон Xiaomi 14T 12/512GB серый,44220.0
Сотовый телефон Apple iPhone 16 Pro 128GB черный,108300.0
Сотовый телефон Xiaomi 14T 12/512GB синий,44220.0
Сотовый телефон Apple iPhone 16 Pro 128GB белый,108300.0
Сотовый телефон Xiaomi 14T 12/512GB черный,44220.0
Сотовый телефон Apple iPhone 16 Pro 128GB натуральный титан,108300.0
Сотовый телефон Xiaomi 14T 12/512GB зеленый,44220.0
Сотовый телефон Apple iPhone 16 Pro 128GB золотистый,108300.0
Сотовый телефон Xiaomi 14T Pro 12/256GB серый,54330.0
Сотовый телефон Apple iPhone 16 Pro 256GB черный,115370.0
Сотовый телефон Xiaomi 14T Pro 12/256GB синий,54330.0
Сотовый телефон Apple iPhone 16 Pro 256GB белый,115370.0
Сотовый телефон Xiaomi 14T Pro 12/256GB черный,54330.0
Сотовый телефон Apple iPhone 16 Pro 256GB натуральный титан,115370.0
Сотовый телефон Xiaomi 14T Pro 12/512GB серый,57810.0
Сотовый телефон Apple iPhone 16 Pro 256GB золотистый,115370.0
Сотовый телефон Xiaomi 14T Pro 12/512GB синий,57810.0
Сотовый телефон Apple iPhone 16 Pro 512GB черный,133150.0
Сотовый телефон Xiaomi 14T Pro 12/512GB черный,57810.0
Сотовый телефон Apple iPhone 16 Pro 512GB белый,133150.0
Сотовый телефон Apple iPhone 16 Pro 512GB натуральный титан,133150.0
Сотовый телефон Apple iPhone 16 Pro 512GB золотистый,133150.0
Сотовый телефон Apple iPhone 16 Pro 1TB черный,148250.0
Сотовый телефон Samsung Galaxy Z Flip 5 8/256GB мятный,52410.0
Сотовый телефон Apple iPhone 16 Pro 1TB белый,148250.0
Сотовый телефон Samsung Galaxy Z Flip 5 8/256GB графит,52410.0
Сотовый телефон Apple iPhone 16 Pro 1TB натуральный титан,148250.0
Сотовый телефон Samsung Galaxy Z Flip 5 8/256GB кремовый,52410.0
Сотовый телефон Apple iPhone 16 Pro 1TB золотистый,148250.0
Сотовый телефон Samsung Galaxy Z Flip 5 8/256GB лавандовый,52410.0
Сотовый телефон Apple iPhone 16 Pro Max 256GB черный,126000.0
Сотовый телефон Samsung Galaxy Z Fold 5 12/256GB серо-голубой,89820.0
Сотовый телефон Apple iPhone 16 Pro Max 256GB белый,126000.0
Сотовый телефон Samsung Galaxy Z Fold 5 12/256GB черный,89820.0
Сотовый телефон Apple iPhone 16 Pro Max 256GB натуральный титан,126000.0
Сотовый телефон Apple iPhone 16 Pro Max 256GB золотистый,126000.0
Сотовый телефон Apple iPhone 14 128GB желтый,60600.0
Сотовый телефон Samsung Galaxy Z Fold 5 12/512GB серо-голубой,108300.0
Сотовый телефон Apple iPhone 16 Pro Max 512GB черный,144660.0
Сотовый телефон Samsung Galaxy Z Fold 5 12/512GB черный,108300.0
Сотовый телефон Apple iPhone 16 Pro Max 512GB белый,144660.0
Сотовый телефон Samsung Galaxy Z Fold 5 12/512GB кремовый,108300.0
Сотовый телефон Apple iPhone 16 Pro Max 512GB натуральный титан,144660.0
Сотовый телефон Samsung Galaxy Z Fold 6 12/512GB розовый,139350.0
Сотовый телефон Apple iPhone 16 Pro Max 512GB золотистый,144660.0
Сотовый телефон Samsung Galaxy Z Fold 6 12/512GB серый,139350.0
Сотовый телефон Apple iPhone 16 Pro Max 1TB черный,160620.0
Сотовый телефон Samsung Galaxy Z Fold 6 12/512GB синий,139350.0
Сотовый телефон Apple iPhone 16 Pro Max 1TB белый,160620.0
Сотовый телефон Apple iPhone 16 Pro Max 1TB натуральный титан,160620.0
Сотовый телефон Apple iPhone 16 Pro Max 1TB золотистый,160620.0
Сотовый телефон Samsung Galaxy S24 Plus 12/256GB черный,78390.0
Сотовый телефон Samsung Galaxy S24 Plus 12/256GB серый,78390.0
Сотовый телефон Xiaomi 12 8/256GB серый,30960.0
Сотовый телефон Samsung Galaxy Z Fold 6 12/256GB синий,120680.0
Сотовый телефон Xiaomi 12 8/256GB фиолетовый,30960.0
Сотовый телефон Samsung Galaxy A35 8/128GB темно-синий,24940.0
Сотовый телефон Samsung Galaxy Z Fold 6 12/256GB серый,120680.0
Сотовый телефон Xiaomi 12 8/256GB зеленый,30960.0
Сотовый телефон Samsung Galaxy A35 8/128GB серо-голубой,24940.0
Сотовый телефон Samsung Galaxy A35 8/128GB лавандовый,24940.0
Сотовый телефон Samsung Galaxy A35 8/128GB желтый,24940.0
Сотовый телефон Samsung Galaxy Z Flip 5 8/512GB графит,56850.0
Сотовый телефон Xiaomi Redmi A3 4/128GB черный,9340.0
Сотовый телефон Xiaomi Redmi A3 4/128GB голубой,9340.0
Сотовый телефон Xiaomi 13 12/256GB черный,45520.0
Сотовый телефон Xiaomi 13 12/256GB нефритовый зеленый,45520.0
Сотовый телефон Xiaomi Poco M6 8/256GB фиолетовый,14740.0
Сотовый телефон Samsung Galaxy Z Flip4 8/512GB фиолетовый,48920.0
Сотовый телефон Xiaomi Poco M6 8/256GB черный,14740.0
Сотовый телефон Samsung Galaxy Z Flip4 8/512GB золотой,48920.0
Сотовый телефон BQ BQ-2449 Hammer зеленый,5230.0
Сотовый телефон Samsung Galaxy Z Flip4 8/512GB графитовый,48920.0
Сотовый телефон BQ BQ-2449 Hammer оранжевый,5230.0
Сотовый телефон Samsung Galaxy Z Flip4 8/512GB голубой,48920.0
Сотовый телефон BQ BQ-2449 Hammer черный,5230.0
Сотовый телефон Xiaomi Redmi 14C 6/128GB черный,12640.0
Сотовый телефон BQ BQ-3587 Disco Boom черный,5060.0
Сотовый телефон BQ BQ-3587 Disco Boom зеленый,5060.0
Сотовый телефон BQ BQ-3587 Disco Boom синий,5060.0
Сотовый телефон BQ BQ-3587 Disco Boom красный,5060.0
Сотовый телефон Google Pixel 9 256GB кремовый,90510.0
Сотовый телефон BQ BQ-2824 Tank T черный,5230.0
Сотовый телефон Google Pixel 9 256GB зеленый,90510.0
Сотовый телефон BQ BQ-2824 Tank T синий камуфляж,5230.0
Сотовый телефон BQ BQ-2824 Tank T зеленый,5230.0
Сотовый телефон BQ BQ-2824 Tank T серый камуфляж,5230.0
Сотовый телефон Apple iPhone 15 128GB черный,69060.0
Сотовый телефон Apple iPhone 15 128GB голубой,69060.0
Сотовый телефон Apple iPhone 15 128GB зеленый,69060.0
Сотовый телефон Apple iPhone 15 128GB желтый,69060.0
Сотовый телефон Apple iPhone 15 128GB розовый,69060.0
Сотовый телефон Apple iPhone 15 256GB черный,81010.0
Сотовый телефон Apple iPhone 15 256GB розовый,81010.0
Сотовый телефон Apple iPhone 15 256GB голубой,81010.0
Сотовый телефон Apple iPhone 15 256GB зеленый,81010.0
Сотовый телефон Apple iPhone 15 256GB желтый,81010.0
Сотовый телефон Samsung Galaxy Z Flip 6 12/256GB голубой,69930.0
Сотовый телефон Xiaomi 13T 8/256GB черный,38110.0
Сотовый телефон Xiaomi 13T 12/256GB зеленый,43430.0
Сотовый телефон Xiaomi 13T 12/256GB голубой,43430.0
Сотовый телефон Xiaomi 13T 12/256GB черный,43430.0
Сотовый телефон Apple iPhone 14 128GB полночный черный,60600.0
Сотовый телефон HTC Wildfire E2 4/64Gb черный,10460.0
Сотовый телефон Apple iPhone 14 128GB фиолетовый,60600.0
Сотовый телефон HTC Wildfire E2 4/64Gb синий,10460.0
Сотовый телефон Apple iPhone 14 128GB сияющая звезда,60600.0
Сотовый телефон Google Pixel 9 Pro XL 512GB черный,108300.0
Сотовый телефон Apple iPhone 14 128GB голубой,60600.0
Сотовый телефон Google Pixel 9 Pro XL 512GB розовый кварц,108300.0
Сотовый телефон Apple iPhone 14 128GB красный,60600.0
Сотовый телефон Samsung Galaxy S24 Ultra 12/256GB черный,94180.0
Сотовый телефон Google Pixel 9 Pro XL 512GB ореховый,108300.0
Сотовый телефон Samsung Galaxy S24 Ultra 12/256GB фиолетовый,94180.0
Сотовый телефон Google Pixel 9 Pro XL 512GB кремовый,108300.0
Сотовый телефон Samsung Galaxy S24 Ultra 12/256GB желтый,94180.0
Сотовый телефон Samsung Galaxy S24 Ultra 12/256GB голубой,94180.0
Сотовый телефон Samsung Galaxy S24 Ultra 12/256GB зеленый,94180.0
Сотовый телефон Samsung Galaxy S24 Ultra 12/256GB оранжевый,94180.0
Сотовый телефон Samsung Galaxy S24 Ultra 12/512GB серый,102980.0
Сотовый телефон Samsung Galaxy S24 Ultra 12/512GB черный,102980.0
Сотовый телефон Apple iPhone 15 Pro 128GB голубой титан,96790.0
Сотовый телефон Apple iPhone 15 Pro 256GB черный титан,110050.0
Сотовый телефон Apple iPhone 15 Pro 256GB белый титан,110050.0
Сотовый телефон Samsung Galaxy A35 8/256GB темно-синий,27640.0
Сотовый телефон Apple iPhone 15 Pro 256GB голубой титан,110050.0
Сотовый телефон Samsung Galaxy A35 8/256GB серо-голубой,27640.0
Сотовый телефон Apple iPhone 15 Pro 256GB натуральный титан,110050.0
Сотовый телефон Samsung Galaxy A35 8/256GB лавандовый,27640.0
Сотовый телефон Apple iPhone 15 Pro 512GB черный титан,116320.0
Сотовый телефон Samsung Galaxy A35 8/256GB желтый,27640.0
Сотовый телефон Apple iPhone 15 Pro 512GB белый титан,116320.0
Сотовый телефон Apple iPhone 15 Pro 512GB голубой титан,116320.0
Сотовый телефон Apple iPhone 15 Pro 512GB натуральный титан,116320.0
Сотовый телефон Samsung Galaxy A55 8/256GB темно-синий,34530.0
Сотовый телефон Samsung Galaxy A55 8/256GB серо-голубой,34530.0
Сотовый телефон Samsung Galaxy A55 8/256GB лавандовый,34530.0
Сотовый телефон Samsung Galaxy A55 8/256GB лимонный,34530.0
Сотовый телефон Apple iPhone 15 Pro Max 256GB черный титан,119810.0
Сотовый телефон Nothing Phone 2 12/256GB серый,54410.0
Сотовый телефон Apple iPhone 15 Pro Max 256GB натуральный титан,119810.0
Сотовый телефон Nothing Phone 2 12/256GB белый,54410.0
Сотовый телефон Apple iPhone 15 Pro Max 512GB черный титан,137600.0
Сотовый телефон Nothing Phone 2a 12/256GB черный,43430.0
Сотовый телефон Apple iPhone 15 Pro Max 512GB белый титан,137600.0
Сотовый телефон Nothing Phone 2a 12/256GB белый,43430.0
Сотовый телефон Apple iPhone 15 Pro Max 512GB голубой титан,137600.0
Сотовый телефон Apple iPhone 15 Pro Max 512GB натуральный титан,137600.0
Сотовый телефон Apple iPhone 15 Pro Max 1TB голубой титан,138470.0
Сотовый телефон Xiaomi 13 12/512GB белый,50840.0
Сотовый телефон Xiaomi Poco M5s 4/128GB белый,10990.0
Сотовый телефон Xiaomi Poco M5s 4/128GB серый,10990.0
Сотовый телефон Xiaomi Poco M5s 4/128GB голубой,10990.0
Сотовый телефон Samsung Galaxy A15 6/128GB черно-синий,16130.0
Сотовый телефон Samsung Galaxy A15 6/128GB желтый,16130.0
Сотовый телефон Samsung Galaxy A15 8/256GB черно-синий,18570.0
Сотовый телефон Samsung Galaxy A15 8/256GB светло-голубой,18570.0
Сотовый телефон Samsung Galaxy A25 6/128GB черно-синий,19100.0
Сотовый телефон Samsung Galaxy A25 6/128GB светло-голубой,19100.0
Сотовый телефон Samsung Galaxy A25 6/128GB желтый,19100.0
Сотовый телефон Samsung Galaxy A25 8/256GB черно-синий,22240.0
Сотовый телефон Samsung Galaxy A25 8/256GB светло-голубой,22240.0
Сотовый телефон Samsung Galaxy A25 8/256GB желтый,22240.0
Сотовый телефон Xiaomi Poco C65 8/256GB черный,12030.0
Сотовый телефон Xiaomi Redmi Note 13 8/256GB золотистый,14820.0
Сотовый телефон Xiaomi Poco C65 8/256GB синий,12030.0
Сотовый телефон Xiaomi Redmi Note 13 6/128GB золотистый,13250.0
Сотовый телефон Xiaomi Poco X6 Pro 8/256GB черный,27820.0
Сотовый телефон Xiaomi Poco F6 12/512GB черный,34530.0
Сотовый телефон Xiaomi Poco X6 Pro 8/256GB желтый,27820.0
Сотовый телефон Xiaomi Poco F6 12/512GB зеленый,34530.0
Сотовый телефон Xiaomi Poco X6 Pro 8/256GB серый,27820.0
Сотовый телефон Samsung Galaxy A15 4/128GB голубой,15700.0
Сотовый телефон Xiaomi Poco X6 Pro 12/512GB черный,31830.0
Сотовый телефон Samsung Galaxy A25 8/256GB голубой,22240.0
Сотовый телефон Xiaomi Poco X6 Pro 12/512GB желтый,31830.0
Сотовый телефон Xiaomi Poco F6 Pro 12/512GB белый,44990.0
Сотовый телефон Xiaomi Poco X6 Pro 12/512GB серый,31830.0
Сотовый телефон Xiaomi Poco F6 Pro 12/512GB черный,44990.0
Сотовый телефон Xiaomi Redmi Note 13 6/128GB черный,13250.0
Сотовый телефон Samsung Galaxy S23 Ultra 12/256GB зеленый,79260.0
Сотовый телефон Xiaomi Redmi Note 13 6/128GB зеленый,13250.0
Сотовый телефон Xiaomi Poco M5s 8/256GB голубой,12820.0
Сотовый телефон Xiaomi Redmi Note 13 6/128GB голубой,13250.0
Сотовый телефон Xiaomi Poco F6 12/512GB титан,34530.0
Сотовый телефон Xiaomi Poco M5s 8/256GB серый,12820.0
Сотовый телефон Xiaomi Redmi Note 13 Pro 12/256GB зеленый,21100.0
Сотовый телефон Xiaomi Poco M5s 8/256GB белый,12820.0
Сотовый телефон Xiaomi Redmi Note 13 Pro 12/256GB черный,21100.0
Сотовый телефон Xiaomi Redmi Note 13 Pro 12/256GB фиолетовый,21100.0
Сотовый телефон Xiaomi Redmi Note 13 8/256GB черный,14820.0
Сотовый телефон Xiaomi Redmi Note 13 8/256GB зеленый,14820.0
Сотовый телефон Samsung Galaxy Z Flip 5 8/512GB мятный,56850.0
